{"cells":{"0":{"code":"male(asad).\n\nfemale(shazia).\n\nparent(shazia, asad).\n\nmother(X, Y) :- parent(X, Y), female(X).\n\n%? mother(Mom, asad).","lastModified":"2024-03-30T11:42:59.321Z"},"1":{"code":"% Adding parents to the existing family\nparent(mary, john).\nparent(mary, james).\nparent(henry, john).\nparent(henry, james).\n\n% Queries\n%? parent(mary, Who).\n%? parent(henry, Who).\n","lastModified":"2024-03-30T11:35:08.925Z"},"2":{"code":"% New family members to introduce cousins\nmale(tom).\nparent(elizabeth, tom).\nparent(michael, tom).\n\n% Defining cousin relationship based on the parents\ncousin(X, Y) :- parent(A, X), parent(B, Y), A \\= B, brother(A, B).\n\n% Queries\n%? cousin(tom, Who).\n%? cousin(john, Who).\n","lastModified":"2024-03-30T11:35:48.654Z"}}}