{"cells":{"0":{"code":"% Facts\nmale(john).\nmale(james).\n\n% Rules\nbrother(X, Y) :- male(X), male(Y), X \\= Y.\n\n% Queries\n%? brother(john, Who).\n%? brother(james, Who).\n","lastModified":"2024-03-30T11:22:53.115Z"},"1":{"code":"% Define some basic math facts\nsum(X, Y, Z) :- Z is X + Y.\nproduct(X, Y, Z) :- Z is X * Y.\n\n% Queries to test\n%? sum(10, 5, What).\n%? product(6, 7, What).","lastModified":"2024-03-30T11:22:04.899Z"},"2":{"code":"% Facts about lists\nmember(X, [X|_]).\nmember(X, [_|T]) :- member(X, T).\n\n% Queries to test\n%? member(3, [1, 2, 3, 4, 5]).\n%? member(X, [a, b, c, d]).\n","lastModified":"2024-03-30T11:22:08.726Z"}}}